{
    "means": [
        0.0034757494926452638,
        0.007557559013366699,
        0.019293057918548583,
        0.06428439378738403,
        0.3199875235557556,
        1.5853254413604736,
        6.94144082069397,
        21.471922874450684,
        71.50290775299072,
        223.6044318675995
    ],
    "range": [
        1,
        2,
        3,
        4,
        5,
        6,
        7,
        8,
        9,
        10
    ]
}